[
  {
    "code": "C1",
    "intitule": "Conjuguer un verbe du 1er groupe au présent"
  },
  {
    "code": "C2",
    "intitule": "Conjuguer être et avoir au présent"
  },
  {
    "code": "C3",
    "intitule": "Conjuguer aller et faire au présent"
  },
  {
    "code": "C4",
    "intitule": "Distinguer infinitif et verbe conjugué"
  },
  {
    "code": "C5",
    "intitule": "Conjuguer être et avoir au passé composé"
  },
  {
    "code": "C6",
    "intitule": "Accorder verbe et sujet (présent)"
  },
  {
    "code": "C7",
    "intitule": "Employer le futur proche (aller + infinitif)"
  },
  {
    "code": "C8",
    "intitule": "Repérer les terminaisons régulières (1er groupe)"
  }
]