[
  {
    "code": "L1",
    "intitule": "Comprendre le sens d’un mot selon le contexte"
  },
  {
    "code": "L2",
    "intitule": "Trouver un synonyme courant"
  },
  {
    "code": "L3",
    "intitule": "Trouver un antonyme courant"
  },
  {
    "code": "L4",
    "intitule": "Classer des mots par champ lexical"
  },
  {
    "code": "L5",
    "intitule": "Comprendre un ordre d’images et raconter"
  },
  {
    "code": "L6",
    "intitule": "Reformuler une phrase avec ses mots"
  },
  {
    "code": "L7",
    "intitule": "Comprendre une consigne simple"
  },
  {
    "code": "L8",
    "intitule": "Repérer les connecteurs temporels simples"
  }
]